direction,metier_libelle,code_rome
DIRECTION GENERALE,ASSISTANT DE DIRECTION,M1604
DIRECTION GENERALE,CONSEILLER DG,K1402
DIRECTION CLIENTÈLE,GUICHETIER,C1201
DIRECTION DES ETUDES DE LA STRATEGIE ET DE LA TRANSFORMATION,DIRECTEUR DES ETUDES DE LA STRATEGIE ET DE LA TRANSFORMATION,M1402
DIRECTION DES ETUDES DE LA STRATEGIE ET DE LA TRANSFORMATION,RESPONSABLE DEPARTEMENT INTELLIGENCE ECONOMIQUE ET STRATEGIE,M1402
DIRECTION DES ETUDES DE LA STRATEGIE ET DE LA TRANSFORMATION,GESTIONNAIRE DE PROJETS,M1403
DIRECTION DU JURIDIQUE DU CONTENTIEUX ET DE LA CONFORMITE REGLEMENTAIRE,DIRECTEUR DU JURIDIQUE DU CONTENTIEUX ET DE LA CONFORMITE REGLEMENTAIRE,K1903
DIRECTION DU JURIDIQUE DU CONTENTIEUX ET DE LA CONFORMITE REGLEMENTAIRE,RESPONSABLE SECTION DU SUIVI ET DE LA COORDINATION DES ACTIVITES DE LA DJCCR,K1903
DIRECTION DU JURIDIQUE DU CONTENTIEUX ET DE LA CONFORMITE REGLEMENTAIRE,RESPONSABLE SERVICE CONFORMITE REGLEMENTAIRE,K1903
DIRECTION DU JURIDIQUE DU CONTENTIEUX ET DE LA CONFORMITE REGLEMENTAIRE,RESPONSABLE SERVICE CONTENTIEUX,K1903
DIRECTION DU JURIDIQUE DU CONTENTIEUX ET DE LA CONFORMITE REGLEMENTAIRE,RESPONSABLE SECTION DU CONTENTIEUX AVEC LES PME,K1903
DIRECTION DU JURIDIQUE DU CONTENTIEUX ET DE LA CONFORMITE REGLEMENTAIRE,RESPONSABLE SECTION DU CONTENTIEUX AVEC LES PARTICULIERS,K1903
DIRECTION DU JURIDIQUE DU CONTENTIEUX ET DE LA CONFORMITE REGLEMENTAIRE,RESPONSABLE SECTION DU CONTENTIEUX DE LA RESPONSABILITE,K1903
DIRECTION DU JURIDIQUE DU CONTENTIEUX ET DE LA CONFORMITE REGLEMENTAIRE,RESPONSABLE SERVICE JURIDIQUE,K1903
DIRECTION DU JURIDIQUE DU CONTENTIEUX ET DE LA CONFORMITE REGLEMENTAIRE,RESPONSABLE SECTION CONSEIL ET ASSISTANCE A LA GOUVERNANCE ET A L'EXPLOITATION,K1903
DIRECTION DU JURIDIQUE DU CONTENTIEUX ET DE LA CONFORMITE REGLEMENTAIRE,RESPONSABLE SECTION DES ACTES JURIDIQUES,K1903
DIRECTION DU PATRIMOINE ET DES MOYENS GENERAUX,DIRECTEUR DU PATRIMOINE ET DES MOYENS GENERAUX,H1206
DIRECTION DU PATRIMOINE ET DES MOYENS GENERAUX,RESPONSABLE DEPARTEMENT PATRIMOINE IMMOBILIER ET GENIE CIVIL,H1206
DIRECTION DU PATRIMOINE ET DES MOYENS GENERAUX,RESPONSABLE SERVICE PATRIMOINE,H1206
DIRECTION DU PATRIMOINE ET DES MOYENS GENERAUX,RESPONSABLE DEPARTEMENT ACHATS ET LOGISTIQUE,M1203
DIRECTION DU PATRIMOINE ET DES MOYENS GENERAUX,RESPONSABLE SERVICE LOGISTIQUE,M1203
DIRECTION DU PATRIMOINE ET DES MOYENS GENERAUX,RESPONSABLE SECTION INTENDANCE ET LOGISTIQUE,M1203
DIRECTION DU PATRIMOINE ET DES MOYENS GENERAUX,GESTIONNAIRE MOYENS GENERAUX,M1607
DIRECTION DU PATRIMOINE ET DES MOYENS GENERAUX,AGENT SUPPORT MOYENS GENERAUX,M1607
DIRECTION DU PATRIMOINE ET DES MOYENS GENERAUX,TECHNICIEN GENIE ELECTRIQUE,F1603
DIRECTION DU PATRIMOINE ET DES MOYENS GENERAUX,VERIFICATEUR MOYENS GENERAUX,M1607
DIRECTION DU PATRIMOINE ET DES MOYENS GENERAUX,RESPONSABLE GENIE CIVIL/DEPARTEMENT PI & GC,F1106
DIRECTION DU PATRIMOINE ET DES MOYENS GENERAUX,CHAUFFEUR COURSIER,N4101
DIRECTION DU PATRIMOINE ET DES MOYENS GENERAUX,ELECTRICIEN / CABLEUR,F1603
DIRECTION DU PATRIMOINE ET DES MOYENS GENERAUX,CHAUFFEUR REGISSEUR,N4101
DIRECTION DU PATRIMOINE ET DES MOYENS GENERAUX,COURSIER,N4101
DIRECTION DU PATRIMOINE ET DES MOYENS GENERAUX,ARCHIVISTE DOCUMENTALISTE,K1601
DIRECTION DU PATRIMOINE ET DES MOYENS GENERAUX,SERVICE GESTION DES DATACENTERS,I1401
DIRECTION DU PATRIMOINE ET DES MOYENS GENERAUX,GESTIONNAIRE REGLEMENTS MOYENS GENERAUX,M1607
